action_label,observations,avg_fwd_1w_return,win_rate
Buy on pullback,1020,0.005463370282374249,0.557843137254902
Hold,4527,0.004897650783397562,0.5661586039319638
Wait for confirmation,4319,0.0039701267072633755,0.5468858532067609
No action,8847,0.003726062799357088,0.5216914986853637
Buy now,230,0.0028619173886035177,0.5521739130434783
