action_label,observations,avg_fwd_1w_return,win_rate
Buy on pullback,1773,0.005203382645282615,0.5375070501974055
Hold,3868,0.004817948929031862,0.5584281282316442
No action,14159,0.002984745135789748,0.5094352569820901
Buy now,3524,0.0019106276576944907,0.5368898978433598
Wait for confirmation,4450,0.0010381475323578493,0.527191011235955
