action_label,observations,avg_fwd_1w_return,win_rate
Buy on pullback,427,0.00783993051928662,0.550351288056206
No action,2049,0.005392244930175199,0.5597852611029771
Wait for confirmation,740,0.005094100744757231,0.5648648648648649
Buy now,825,0.0032543127681377375,0.5648484848484848
Hold,503,0.0027152281552224734,0.5685884691848907
