action_label,observations,avg_fwd_1w_return,win_rate
Wait for pullback,73,0.015554952701217878,0.6712328767123288
No action,297,0.006782362685690405,0.5925925925925926
Buy on pullback,39,0.00666207649154807,0.717948717948718
Hold,409,0.002878724532557813,0.5232273838630807
Wait for confirmation,14,-0.002575444148323661,0.42857142857142855
