action_label,observations,avg_fwd_1w_return,win_rate
Buy on pullback,1020,0.005463370282374249,0.557843137254902
Hold,4412,0.005022070111202239,0.5666364460562103
Wait for confirmation,4105,0.004031997757628151,0.5454323995127893
No action,8777,0.003776657682629381,0.5221903289909472
Buy now,629,0.0017248208653041772,0.548489666136725
