score_bucket,observations,avg_fwd_1w_return,win_rate
0-2,84,0.00964182992278013,0.6190476190476191
3-4,28,-0.002870834348050137,0.5714285714285714
5-6,44,0.0047166176208750694,0.7045454545454546
7+,44,-0.004219278104940585,0.38636363636363635
