action_label,observations,avg_fwd_1w_return,win_rate
Hold,13,0.009640861156750601,0.6153846153846154
No action,39,0.008860077832334171,0.6410256410256411
Wait for confirmation,15,0.005487869315487696,0.5333333333333333
Buy now,37,-0.001832687264651029,0.5135135135135135
Buy on pullback,8,-0.01697782154661996,0.25
