action_label,observations,avg_fwd_1w_return,win_rate
Wait for pullback,802,0.008913907940833164,0.5810473815461347
Wait for confirmation,1004,0.005111211189648425,0.5338645418326693
Hold,5674,0.0030652331412198953,0.553753965456468
No action,6849,0.0022061474094364633,0.5100481177469572
Buy on pullback,682,0.002160267619521978,0.5469208211143695
