action_label,observations,avg_fwd_1w_return,win_rate
Wait for pullback,670,0.007511193359609367,0.5671641791044776
Buy now,654,0.005665796364832186,0.5458715596330275
Hold,6324,0.003212478162953584,0.549493991144845
Wait for confirmation,801,0.0027923956935989205,0.529338327091136
Buy on pullback,569,0.00219642844378752,0.5500878734622144
No action,7746,0.001892537239992307,0.5150702426564495
