action_label,observations,avg_fwd_1w_return,win_rate
Wait for pullback,664,0.008041196387237609,0.5707831325301205
Buy now,648,0.005834226316872539,0.5447530864197531
Hold,6266,0.003224716843512543,0.5512288541334185
Wait for confirmation,798,0.00293435767739037,0.5300751879699248
Buy on pullback,567,0.002293191482394649,0.5520282186948854
No action,7605,0.001906913317620098,0.5160619066198465
