action_label,observations,avg_fwd_1w_return,win_rate
Wait for pullback,670,0.007511193376917497,0.5671641791044776
Buy now,655,0.005745563050764515,0.5465648854961832
Hold,6325,0.0031952630192625437,0.5492490118577075
Wait for confirmation,801,0.0027923957154400063,0.529338327091136
Buy on pullback,569,0.002196428307593254,0.5500878734622144
No action,7744,0.0018991470314346495,0.5152018395503322
